<?xml version="1.0" encoding="UTF-8"?>
<manifest xmlns="http://www.imsproject.org/xsd/imscp_rootv1p1p2" xmlns:imsmd="http://www.imsglobal.org/xsd/imsmd_rootv1p2p1" xmlns:xsi="http://www.w3.org/2001/XMLSchema-instance" xmlns:adlcp="http://www.adlnet.org/xsd/adlcp_rootv1p2" identifier="html_scorm_1_2_example" xsi:schemaLocation="http://www.imsproject.org/xsd/imscp_rootv1p1p2 imscp_rootv1p1p2.xsd http://www.imsglobal.org/xsd/imsmd_rootv1p2p1 imsmd_rootv1p2p1.xsd http://www.adlnet.org/xsd/adlcp_rootv1p2 adlcp_rootv1p2.xsd">
  <organizations default="YEGITEK24BIY09SML01">
    <organization identifier="YEGITEK24BIY09SML01" structure="hierarchial">
      <title>YEGITEK24BIY09SML01</title>
      <item identifier="YEGITEK24BIY09SML01" identifierref="YEGITEK24BIY09SML01-R" isvisible="true">
        <title>YEGITEK24BIY09SML01</title>
      </item>
    </organization>
  </organizations>
  <resources>
    <resource identifier="RES-3F998F66-98FC-BD78-59ED-D6E3E75142B2" type="webcontent" adlcp:scormtype="asset" href="index.html">
      <file href="index.html" />
    
    </resource>
  </resources>
</manifest>

